Chromosome,Start,T1/2,Tw,p,Time-course efficiency,Okazaki efficiency,,,,,,,,,,
1,1221,5.96,29.19,0.234,0.176,NA,,,Notes,,,,,,,
1,7454,46.79,20.44,0.784,0.324,0.034,,,T1/2,Median replication time (50th percentile),,,,,,
1,31065,28.66,15.91,0.493,0.326,0.502,,,Tw,Replication time difference between the 25th and 75th percentile,,,,,,
1,42035,31.29,22.75,0.394,0.218,0.298,,,p,Competence,,,,,,
1,70375,27.40,21.75,0.944,0.741,0.375,,,,,,,,,,
1,124475,23.73,13.96,0.826,0.668,0.318,,,Time-course  efficiency,Origin efficiency inferred from replication time-course data,,,,,,
1,137400,8.34,27.72,0.042,0.030,0.000,,,Okazaki efficiency,"Origin efficiency inferred from Okazaki fragment data (Smith and Whitehouse, Nature. 2012 Mar 14;483(7390):434-8)",,,,,,
1,147606,25.37,9.14,0.144,0.071,0.344,,,,,,,,,,
1,160017,22.57,18.16,0.974,0.610,0.677,,,,,,,,,,
1,176278,18.78,12.50,0.863,0.670,0.547,,,,,,,,,,
1,198000,17.59,2.53,0.097,0.093,0.049,,,,,,,,,,
1,215257,26.71,20.22,0.518,0.379,0.026,,,,,,,,,,
2,363,39.53,13.58,0.522,0.298,NA,,,,,,,,,,
2,6625,4.96,25.64,0.097,0.072,0.298,,,,,,,,,,
2,29043,27.62,18.85,0.745,0.541,0.000,,,,,,,,,,
2,63304,19.07,8.89,0.646,0.616,0.670,,,,,,,,,,
2,93611,22.07,10.88,0.354,0.315,0.074,,,,,,,,,,
2,143442,26.35,19.34,0.760,0.586,0.225,,,,,,,,,,
2,170174,31.71,24.16,0.724,0.377,0.283,,,,,,,,,,
2,177703,31.81,25.45,0.127,0.054,0.000,,,,,,,,,,
2,198314,24.89,17.43,0.918,0.585,0.598,,,,,,,,,,
2,209625,32.12,22.37,0.869,0.313,0.000,,,,,,,,,,
2,237762,15.59,9.02,0.793,0.695,0.513,,,,,,,,,,
2,255013,24.97,22.87,0.916,0.501,0.511,,,,,,,,,,
2,283464,22.93,27.83,0.147,0.098,0.052,,,,,,,,,,
2,326217,27.17,20.04,0.916,0.766,0.550,,,,,,,,,,
2,378814,26.96,19.81,0.592,0.386,0.118,,,,,,,,,,
2,389807,18.03,7.55,0.267,0.231,0.000,,,,,,,,,,
2,407948,34.84,27.08,0.941,0.391,0.584,,,,,,,,,,
2,417887,25.27,15.44,0.720,0.488,0.060,,,,,,,,,,
2,441278,9.45,17.79,0.047,0.040,0.000,,,,,,,,,,
2,486785,19.98,10.12,0.792,0.760,0.673,,,,,,,,,,
2,517305,22.38,10.25,0.234,0.192,0.070,,,,,,,,,,
2,539418,18.34,11.12,0.379,0.356,0.321,,,,,,,,,,
2,591569,18.58,10.21,0.497,0.447,0.198,,,,,,,,,,
2,612235,32.33,11.17,0.982,0.255,0.000,,,,,,,,,,
2,622760,21.27,15.12,0.948,0.700,0.529,,,,,,,,,,
2,632090,29.13,12.78,0.747,0.301,0.202,,,,,,,,,,
2,676307,21.92,21.16,0.150,0.117,0.024,,,,,,,,,,
2,706048,20.83,8.12,0.534,0.479,0.361,,,,,,,,,,
2,720820,19.63,7.01,0.286,0.249,0.193,,,,,,,,,,
2,741657,28.22,20.12,0.861,0.521,0.526,,,,,,,,,,
2,757506,31.00,22.10,0.655,0.319,0.312,,,,,,,,,,
2,774133,27.55,19.64,0.689,0.431,0.000,,,,,,,,,,
2,794469,39.82,21.38,0.284,0.084,0.176,,,,,,,,,,
2,802000,28.12,20.65,0.817,0.588,0.306,,,,,,,,,,
3,1194,47.95,9.20,0.110,0.033,NA,,,,,,,,,,
3,13852,43.64,1.51,0.634,0.184,0.025,,,,,,,,,,
3,30428,8.11,29.22,0.068,0.048,0.085,,,,,,,,,,
3,39432,16.24,6.66,0.628,0.591,0.669,,,,,,,,,,
3,74567,14.50,8.76,0.807,0.777,0.541,,,,,,,,,,
3,109033,17.57,7.48,0.376,0.345,0.554,,,,,,,,,,
3,114624,31.08,26.61,0.105,0.044,0.074,,,,,,,,,,
3,132150,21.82,14.92,0.664,0.543,0.523,,,,,,,,,,
3,166917,18.16,5.67,0.416,0.409,0.428,,,,,,,,,,
3,195933,22.26,14.23,0.237,0.157,0.179,,,,,,,,,,
3,205705,25.64,17.18,0.736,0.400,0.000,,,,,,,,,,
3,224930,17.45,11.90,0.940,0.837,0.718,,,,,,,,,,
3,272966,22.42,13.27,0.528,0.465,0.412,,,,,,,,,,
3,293776,29.61,26.71,0.273,0.179,0.277,,,,,,,,,,
3,316000,23.14,10.18,0.263,0.247,NA,,,,,,,,,,
4,765,25.99,7.97,0.691,0.566,NA,,,,,,,,,,
4,9324,41.94,8.23,0.135,0.027,0.058,,,,,,,,,,
4,15616,26.50,28.70,0.217,0.126,0.222,,,,,,,,,,
4,21764,12.90,18.32,0.174,0.141,0.000,,,,,,,,,,
4,46000,30.06,15.94,0.940,0.668,0.610,,,,,,,,,,
4,86061,42.90,28.68,0.606,0.189,0.220,,,,,,,,,,
4,100868,21.71,18.71,0.623,0.471,0.000,,,,,,,,,,
4,123760,27.25,14.12,0.848,0.512,0.679,,,,,,,,,,
4,137627,16.67,9.86,0.324,0.286,0.038,,,,,,,,,,
4,157990,3.26,4.59,0.025,0.025,0.114,,,,,,,,,,
4,212545,29.55,23.64,0.946,0.558,0.548,,,,,,,,,,
4,236000,20.60,16.63,0.839,0.681,0.164,,,,,,,,,,
4,253914,29.97,7.76,0.349,0.183,0.286,,,,,,,,,,
4,316915,24.36,19.20,0.470,0.289,0.108,,,,,,,,,,
4,329689,21.94,9.31,0.837,0.660,0.594,,,,,,,,,,
4,351320,7.17,21.36,0.157,0.125,0.000,,,,,,,,,,
4,408191,20.70,12.28,0.470,0.374,0.325,,,,,,,,,,
4,435222,20.78,8.09,0.700,0.414,0.590,,,,,,,,,,
4,443883,21.49,27.26,0.928,0.552,0.027,,,,,,,,,,
4,462565,19.50,27.11,0.183,0.108,0.446,,,,,,,,,,
4,483969,16.83,4.19,0.565,0.536,0.241,,,,,,,,,,
4,505457,20.84,9.65,0.675,0.562,0.428,,,,,,,,,,
4,555343,17.23,10.08,0.989,0.924,0.611,,,,,,,,,,
4,567614,31.21,25.75,0.370,0.126,0.091,,,,,,,,,,
4,629371,31.78,28.36,0.958,0.587,0.277,,,,,,,,,,
4,639984,34.63,22.70,0.817,0.415,0.513,,,,,,,,,,
4,703002,21.48,13.82,0.758,0.701,0.555,,,,,,,,,,
4,750891,20.43,9.05,0.697,0.675,0.440,,,,,,,,,,
4,806157,18.64,11.08,0.482,0.461,0.536,,,,,,,,,,
4,845095,28.40,21.18,0.502,0.359,0.014,,,,,,,,,,
4,904240,15.98,16.16,0.966,0.717,0.041,,,,,,,,,,
4,913905,21.34,5.04,0.925,0.401,0.528,,,,,,,,,,
4,921806,21.57,9.12,0.496,0.243,0.186,,,,,,,,,,
4,943479,36.11,22.82,0.118,0.042,0.000,,,,,,,,,,
4,1019109,25.28,11.32,0.988,0.645,0.507,,,,,,,,,,
4,1033626,16.14,24.53,0.595,0.434,0.018,,,,,,,,,,
4,1057952,29.59,13.23,0.856,0.506,0.533,,,,,,,,,,
4,1110076,27.71,20.03,0.849,0.629,0.088,,,,,,,,,,
4,1159375,18.66,19.12,0.791,0.478,0.291,,,,,,,,,,
4,1166110,19.20,6.97,0.969,0.644,0.372,,,,,,,,,,
4,1240984,27.51,14.32,0.969,0.820,0.504,,,,,,,,,,
4,1276326,27.19,11.50,0.906,0.651,0.352,,,,,,,,,,
4,1302699,20.02,9.66,0.752,0.704,0.551,,,,,,,,,,
4,1353581,23.52,15.74,0.772,0.647,0.633,,,,,,,,,,
4,1382383,24.17,7.29,0.608,0.506,0.023,,,,,,,,,,
4,1404395,22.37,9.98,0.546,0.489,0.533,,,,,,,,,,
4,1448113,22.86,8.07,0.774,0.633,0.122,,,,,,,,,,
4,1462005,19.07,18.44,0.375,0.278,0.545,,,,,,,,,,
4,1487027,24.13,12.91,0.586,0.454,0.075,,,,,,,,,,
4,1502923,25.29,17.74,0.080,0.052,0.277,,,,,,,,,,
4,1524225,18.01,7.16,0.397,0.390,NA,,,,,,,,,,
5,5607,40.18,26.76,0.746,0.456,NA,,,,,,,,,,
5,18045,31.98,28.94,0.152,0.091,0.000,,,,,,,,,,
5,59399,19.62,10.95,0.891,0.798,0.566,,,,,,,,,,
5,94097,17.25,9.35,0.961,0.914,0.621,,,,,,,,,,
5,109510,40.02,5.44,0.225,0.015,0.005,,,,,,,,,,
5,145660,19.65,6.61,0.624,0.583,0.558,,,,,,,,,,
5,173755,18.78,10.79,0.970,0.890,0.538,,,,,,,,,,
5,192709,39.43,3.29,0.129,0.009,0.038,,,,,,,,,,
5,212505,26.82,17.10,0.961,0.727,0.194,,,,,,,,,,
5,256066,23.00,13.95,0.427,0.347,0.100,,,,,,,,,,
5,277241,23.06,10.07,0.422,0.300,0.014,,,,,,,,,,
5,287627,26.32,18.28,0.801,0.502,0.455,,,,,,,,,,
5,316675,22.52,16.09,0.897,0.707,0.262,,,,,,,,,,
5,353627,20.33,12.37,0.922,0.833,0.618,,,,,,,,,,
5,406848,19.98,11.16,0.949,0.881,0.512,,,,,,,,,,
5,440812,26.14,20.78,0.767,0.560,0.518,,,,,,,,,,
5,498880,27.74,14.68,0.932,0.758,0.537,,,,,,,,,,
5,520896,30.85,23.03,0.633,0.392,0.134,,,,,,,,,,
5,549684,30.07,20.77,0.558,0.372,0.335,,,,,,,,,,
5,569552,21.31,6.93,0.422,0.403,0.475,,,,,,,,,,
6,5795,35.04,24.65,0.106,0.068,NA,,,,,,,,,,
6,12601,48.27,4.07,0.074,0.026,0.000,,,,,,,,,,
6,19754,28.80,15.36,0.461,0.360,0.166,,,,,,,,,,
6,32860,20.80,10.49,0.282,0.256,0.236,,,,,,,,,,
6,68780,25.80,14.91,0.755,0.659,0.327,,,,,,,,,,
6,104576,36.56,29.71,0.237,0.092,0.051,,,,,,,,,,
6,118792,26.96,23.95,0.938,0.556,0.465,,,,,,,,,,
6,127906,19.37,4.54,0.383,0.299,0.043,,,,,,,,,,
6,136030,36.28,26.25,0.768,0.247,0.428,,,,,,,,,,
6,167824,20.29,13.46,0.932,0.756,0.507,,,,,,,,,,
6,199438,15.38,8.94,0.977,0.936,0.665,,,,,,,,,,
6,216518,49.07,1.23,0.153,0.003,0.149,,,,,,,,,,
6,254949,26.19,22.49,0.311,0.253,0.069,,,,,,,,,,
7,400,18.94,21.20,0.361,0.296,NA,,,,,,,,,,
7,7525,35.51,6.14,0.204,0.092,0.035,,,,,,,,,,
7,17870,33.25,19.73,0.545,0.294,0.532,,,,,,,,,,
7,32936,21.63,14.49,0.332,0.265,0.172,,,,,,,,,,
7,64403,30.00,27.05,0.919,0.633,0.573,,,,,,,,,,
7,114904,21.74,16.45,0.903,0.803,0.392,,,,,,,,,,
7,163313,23.73,12.05,0.837,0.666,0.515,,,,,,,,,,
7,171395,35.78,14.24,0.544,0.140,0.044,,,,,,,,,,
7,187395,28.59,24.66,0.698,0.394,0.069,,,,,,,,,,
7,204038,32.84,26.19,0.877,0.466,0.476,,,,,,,,,,
7,231946,20.01,7.23,0.136,0.122,0.019,,,,,,,,,,
7,241206,13.01,28.11,0.128,0.098,0.000,,,,,,,,,,
7,269779,43.05,22.17,0.685,0.166,0.031,,,,,,,,,,
7,275092,45.52,25.54,0.968,0.203,0.181,,,,,,,,,,
7,287482,24.08,18.81,0.940,0.737,0.583,,,,,,,,,,
7,318237,40.74,29.29,0.711,0.289,0.063,,,,,,,,,,
7,352806,25.99,17.75,0.917,0.717,0.191,,,,,,,,,,
7,388775,20.56,8.47,0.830,0.773,0.531,,,,,,,,,,
7,421217,21.75,11.19,0.913,0.825,0.619,,,,,,,,,,
7,485046,16.89,7.83,0.809,0.771,0.627,,,,,,,,,,
7,508853,19.35,11.31,0.557,0.464,0.588,,,,,,,,,,
7,552950,33.13,6.78,0.096,0.033,0.000,,,,,,,,,,
7,568614,22.41,15.26,0.967,0.751,0.274,,,,,,,,,,
7,575731,39.75,23.60,0.838,0.186,0.138,,,,,,,,,,
7,594852,16.08,21.51,0.297,0.229,0.029,,,,,,,,,,
7,607397,43.91,2.21,0.340,0.054,0.053,,,,,,,,,,
7,621380,11.05,5.14,0.049,0.048,0.046,,,,,,,,,,
7,653851,19.53,10.40,0.691,0.603,0.038,,,,,,,,,,
7,659931,31.98,16.43,0.783,0.335,0.612,,,,,,,,,,
7,715414,21.39,14.96,0.867,0.803,0.620,,,,,,,,,,
7,778091,22.15,14.90,0.985,0.851,0.634,,,,,,,,,,
7,795067,20.47,19.50,0.190,0.130,0.000,,,,,,,,,,
7,834614,17.17,6.32,0.867,0.860,0.604,,,,,,,,,,
7,847105,33.20,1.34,0.110,0.017,0.036,,,,,,,,,,
7,888474,17.60,10.78,0.838,0.786,0.609,,,,,,,,,,
7,916922,20.52,15.11,0.394,0.317,0.041,,,,,,,,,,
7,977854,21.68,9.35,0.673,0.608,0.328,,,,,,,,,,
7,1001250,27.42,21.28,0.795,0.573,0.508,,,,,,,,,,
7,1063484,33.92,17.47,0.831,0.580,0.484,,,,,,,,,,
7,1073825,46.62,21.97,0.340,0.111,0.000,,,,,,,,,,
7,1083647,17.18,23.03,0.323,0.268,0.595,,,,,,,,,,
8,634,18.05,13.93,0.295,0.271,NA,,,,,,,,,,
8,6660,48.53,19.34,0.960,0.344,0.000,,,,,,,,,,
8,46000,27.41,22.93,0.386,0.216,0.325,,,,,,,,,,
8,57911,39.38,25.96,0.978,0.245,0.080,,,,,,,,,,
8,64372,21.11,10.88,0.798,0.637,0.424,,,,,,,,,,
8,88462,20.75,12.84,0.233,0.178,0.132,,,,,,,,,,
8,94976,41.00,25.08,0.326,0.076,0.126,,,,,,,,,,
8,111335,32.86,29.29,0.262,0.088,0.096,,,,,,,,,,
8,116470,20.88,12.27,0.685,0.474,0.471,,,,,,,,,,
8,133469,15.77,6.48,0.638,0.592,0.433,,,,,,,,,,
8,140803,30.07,7.31,0.874,0.241,0.043,,,,,,,,,,
8,168652,23.84,11.57,0.702,0.563,0.191,,,,,,,,,,
8,197917,5.81,12.72,0.113,0.101,0.000,,,,,,,,,,
8,213520,15.20,5.55,0.034,0.031,0.114,,,,,,,,,,
8,245844,25.61,15.54,0.980,0.834,0.600,,,,,,,,,,
8,297179,19.65,12.57,0.953,0.908,0.652,,,,,,,,,,
8,359699,21.39,10.89,0.779,0.699,0.364,,,,,,,,,,
8,381155,39.13,28.25,0.749,0.234,0.000,,,,,,,,,,
8,392270,20.13,9.43,0.530,0.462,0.409,,,,,,,,,,
8,406260,44.33,28.45,0.897,0.240,0.000,,,,,,,,,,
8,447736,20.89,12.74,0.983,0.891,0.656,,,,,,,,,,
8,474552,35.70,24.00,0.937,0.378,0.194,,,,,,,,,,
8,501872,20.44,10.26,0.728,0.657,0.424,,,,,,,,,,
8,520323,46.04,28.71,0.653,0.145,0.400,,,,,,,,,,
8,535620,28.88,24.97,0.797,0.540,0.243,,,,,,,,,,
8,556000,38.39,6.29,0.299,0.163,0.135,,,,,,,,,,
9,1212,25.36,11.74,0.291,0.259,NA,,,,,,,,,,
9,8271,33.85,28.71,0.054,0.030,0.000,,,,,,,,,,
9,17484,48.65,5.32,0.201,0.044,0.149,,,,,,,,,,
9,32212,24.10,13.51,0.672,0.602,0.374,,,,,,,,,,
9,74012,19.89,8.77,0.423,0.350,0.265,,,,,,,,,,
9,80308,28.21,15.59,0.782,0.413,0.090,,,,,,,,,,
9,105935,21.97,14.42,0.962,0.790,0.594,,,,,,,,,,
9,136215,22.48,10.42,0.650,0.561,0.246,,,,,,,,,,
9,163119,32.79,21.36,0.249,0.112,0.000,,,,,,,,,,
9,175195,26.34,17.94,0.872,0.628,0.386,,,,,,,,,,
9,190135,38.02,10.54,0.976,0.204,NA,,,,,,,,,,
9,214751,15.87,7.88,0.674,0.643,0.648,,,,,,,,,,
9,226120,33.64,13.04,0.965,0.246,NA,,,,,,,,,,
9,246751,23.40,15.54,0.955,0.744,0.234,,,,,,,,,,
9,310827,30.66,25.96,0.862,0.557,0.336,,,,,,,,,,
9,341975,27.05,23.61,0.962,0.579,0.489,,,,,,,,,,
9,357275,26.47,17.79,0.953,0.604,0.527,,,,,,,,,,
9,406625,13.87,5.08,0.351,0.317,NA,,,,,,,,,,
9,411935,22.15,11.34,0.971,0.660,0.738,,,,,,,,,,
9,433020,24.94,14.04,0.517,0.347,0.042,,,,,,,,,,
10,321,21.60,25.12,0.275,0.215,NA,,,,,,,,,,
10,7694,14.14,29.44,0.126,0.095,0.553,,,,,,,,,,
10,16443,24.34,3.80,0.066,0.053,0.019,,,,,,,,,,
10,23910,48.75,26.78,0.961,0.337,0.173,,,,,,,,,,
10,67708,24.25,15.17,0.940,0.834,0.445,,,,,,,,,,
10,99578,44.88,24.38,0.289,0.068,0.608,,,,,,,,,,
10,113527,22.71,12.32,0.732,0.662,0.152,,,,,,,,,,
10,161648,22.88,14.91,0.806,0.679,0.434,,,,,,,,,,
10,204172,18.94,13.10,0.963,0.845,0.599,,,,,,,,,,
10,228494,26.90,17.17,0.755,0.449,0.331,,,,,,,,,,
10,248950,23.45,25.74,0.165,0.113,0.022,,,,,,,,,,
10,298712,25.89,17.03,0.813,0.678,0.603,,,,,,,,,,
10,337101,20.06,11.08,0.554,0.494,0.199,,,,,,,,,,
10,354593,38.79,17.73,0.341,0.073,0.000,,,,,,,,,,
10,375249,16.84,8.49,0.820,0.790,0.562,,,,,,,,,,
10,417011,18.06,8.00,0.817,0.769,0.556,,,,,,,,,,
10,442453,22.27,14.82,0.400,0.271,0.590,,,,,,,,,,
10,457035,25.03,24.61,0.599,0.403,0.005,,,,,,,,,,
10,502060,6.59,29.60,0.011,0.008,0.083,,,,,,,,,,
10,540357,21.33,14.73,0.986,0.936,0.606,,,,,,,,,,
10,611067,21.94,14.84,0.984,0.889,0.624,,,,,,,,,,
10,654189,20.44,11.18,0.568,0.483,0.026,,,,,,,,,,
10,683573,21.24,15.49,0.983,0.836,0.645,,,,,,,,,,
10,711714,40.73,25.10,0.321,0.112,0.090,,,,,,,,,,
10,729943,17.49,10.75,0.207,0.196,0.000,,,,,,,,,,
10,736849,47.67,25.65,0.247,0.097,0.525,,,,,,,,,,
11,1385,46.70,29.81,0.229,0.094,NA,,,,,,,,,,
11,13502,20.56,5.19,0.196,0.193,0.111,,,,,,,,,,
11,42337,40.01,18.59,0.844,0.180,0.000,,,,,,,,,,
11,55794,20.46,11.50,0.947,0.859,0.733,,,,,,,,,,
11,98449,23.94,12.22,0.981,0.806,0.545,,,,,,,,,,
11,114100,12.68,7.46,0.097,0.092,0.125,,,,,,,,,,
11,145663,27.23,11.53,0.376,0.188,NA,,,,,,,,,,
11,153054,24.77,16.95,0.986,0.742,0.559,,,,,,,,,,
11,198065,23.63,14.94,0.570,0.407,0.049,,,,,,,,,,
11,213233,24.56,13.39,0.817,0.611,0.337,,,,,,,,,,
11,257615,24.56,14.87,0.983,0.823,0.539,,,,,,,,,,
11,302240,21.76,11.07,0.939,0.814,0.258,,,,,,,,,,
11,329964,23.61,12.84,0.837,0.669,0.493,,,,,,,,,,
11,388755,23.78,13.89,0.855,0.708,0.492,,,,,,,,,,
11,416939,27.82,19.55,0.857,0.508,0.275,,,,,,,,,,
11,446285,21.77,12.74,0.894,0.647,0.510,,,,,,,,,,
11,456825,26.93,10.58,0.830,0.386,0.355,,,,,,,,,,
11,462865,25.73,28.56,0.290,0.147,0.001,,,,,,,,,,
11,518359,21.52,9.98,0.937,0.860,0.430,,,,,,,,,,
11,530160,26.67,29.32,0.204,0.107,0.124,,,,,,,,,,
11,583037,29.44,20.33,0.970,0.668,0.342,,,,,,,,,,
11,611991,27.42,17.22,0.936,0.660,0.689,,,,,,,,,,
11,633190,34.39,20.99,0.581,0.271,0.023,,,,,,,,,,
11,642479,24.83,11.43,0.361,0.285,0.282,,,,,,,,,,
12,1050,4.89,19.62,0.131,0.106,NA,,,,,,,,,,
12,6550,41.59,9.87,0.967,0.615,NA,,,,,,,,,,
12,12307,21.33,3.59,0.020,0.018,0.233,,,,,,,,,,
12,30627,37.14,14.65,0.655,0.380,0.178,,,,,,,,,,
12,52035,24.89,20.05,0.445,0.337,0.094,,,,,,,,,,
12,76937,31.69,20.69,0.691,0.365,0.234,,,,,,,,,,
12,91538,29.08,23.72,0.977,0.645,0.414,,,,,,,,,,
12,139870,26.95,23.69,0.987,0.573,0.462,,,,,,,,,,
12,151168,19.90,12.07,0.668,0.500,0.073,,,,,,,,,,
12,156765,27.69,10.57,0.253,0.107,0.549,,,,,,,,,,
12,222601,37.31,13.27,0.304,0.055,0.113,,,,,,,,,,
12,231301,18.44,12.78,0.969,0.886,0.561,,,,,,,,,,
12,243744,31.54,12.06,0.580,0.195,0.054,,,,,,,,,,
12,289345,28.70,21.43,0.847,0.684,0.291,,,,,,,,,,
12,343805,24.84,14.92,0.676,0.475,0.066,,,,,,,,,,
12,373278,16.17,11.27,0.989,0.924,0.609,,,,,,,,,,
12,412783,20.84,10.76,0.885,0.791,0.508,,,,,,,,,,
12,450606,30.63,27.50,0.859,0.508,NA,,,,,,,,,,
12,458984,36.72,28.40,0.707,0.308,NA,,,,,,,,,,
12,494445,18.97,6.30,0.075,0.065,0.000,,,,,,,,,,
12,512993,18.73,10.86,0.958,0.929,0.614,,,,,,,,,,
12,605036,12.94,8.31,0.876,0.857,0.583,,,,,,,,,,
12,622898,31.91,7.68,0.985,0.218,0.073,,,,,,,,,,
12,645130,25.15,14.93,0.498,0.313,0.000,,,,,,,,,,
12,659948,23.30,15.44,0.793,0.616,0.482,,,,,,,,,,
12,687494,8.78,7.48,0.073,0.071,0.136,,,,,,,,,,
12,730680,24.03,17.60,0.934,0.617,0.389,,,,,,,,,,
12,747008,22.00,11.55,0.989,0.766,0.249,,,,,,,,,,
12,786253,40.60,17.76,0.379,0.077,0.055,,,,,,,,,,
12,794145,21.58,13.08,0.840,0.724,0.572,,,,,,,,,,
12,822122,28.46,20.96,0.954,0.668,0.217,,,,,,,,,,
12,888690,25.10,15.67,0.868,0.768,0.631,,,,,,,,,,
12,929635,24.54,11.83,0.867,0.687,0.417,,,,,,,,,,
12,948133,28.96,27.37,0.814,0.506,0.384,,,,,,,,,,
12,1007325,22.05,10.04,0.773,0.653,0.636,,,,,,,,,,
12,1013903,34.94,12.47,0.773,0.206,0.063,,,,,,,,,,
12,1024087,29.39,19.42,0.736,0.409,0.190,,,,,,,,,,
12,1043375,49.51,22.51,0.039,0.007,0.004,,,,,,,,,,
12,1061889,16.99,14.10,0.325,0.294,0.013,,,,,,,,,,
12,1071075,31.97,8.48,0.487,0.353,NA,,,,,,,,,,
13,642,43.16,25.75,0.309,0.175,NA,,,,,,,,,,
13,8044,31.57,9.55,0.051,0.037,0.198,,,,,,,,,,
13,31811,20.12,9.98,0.379,0.346,0.651,,,,,,,,,,
13,40139,30.10,19.98,0.383,0.243,0.000,,,,,,,,,,
13,94340,22.51,15.02,0.872,0.759,0.534,,,,,,,,,,
13,137424,21.66,14.19,0.843,0.675,0.522,,,,,,,,,,
13,159063,27.36,12.56,0.876,0.438,0.000,,,,,,,,,,
13,183915,19.67,14.24,0.962,0.822,0.572,,,,,,,,,,
13,227255,37.72,29.19,0.965,0.418,0.274,,,,,,,,,,
13,263179,20.78,17.56,0.818,0.589,0.530,,,,,,,,,,
13,269105,29.91,8.06,0.775,0.219,0.000,,,,,,,,,,
13,288400,20.06,8.69,0.794,0.675,0.552,,,,,,,,,,
13,341760,7.44,19.48,0.076,0.063,0.015,,,,,,,,,,
13,371099,23.24,9.68,0.886,0.832,0.507,,,,,,,,,,
13,421072,37.69,28.71,0.710,0.281,0.050,,,,,,,,,,
13,433099,21.65,8.11,0.662,0.590,0.500,,,,,,,,,,
13,468323,23.34,14.08,0.585,0.441,0.328,,,,,,,,,,
13,481935,29.05,20.49,0.387,0.185,0.000,,,,,,,,,,
13,503717,18.96,9.21,0.772,0.693,0.423,,,,,,,,,,
13,535719,20.86,9.09,0.982,0.788,0.460,,,,,,,,,,
13,554571,23.19,17.66,0.561,0.351,0.435,,,,,,,,,,
13,568613,6.05,28.51,0.093,0.067,0.000,,,,,,,,,,
13,611381,33.99,21.37,0.978,0.479,0.377,,,,,,,,,,
13,634597,21.30,16.87,0.627,0.449,0.299,,,,,,,,,,
13,649429,23.83,13.08,0.808,0.570,0.514,,,,,,,,,,
13,688994,28.51,25.27,0.553,0.392,0.333,,,,,,,,,,
13,758346,31.01,29.55,0.956,0.569,0.296,,,,,,,,,,
13,772754,32.18,19.79,0.688,0.310,0.023,,,,,,,,,,
13,805227,23.11,4.70,0.765,0.410,0.064,,,,,,,,,,
13,815454,18.73,15.98,0.929,0.702,0.637,,,,,,,,,,
13,837495,30.42,18.74,0.749,0.345,0.036,,,,,,,,,,
13,865486,49.23,5.82,0.165,0.006,0.000,,,,,,,,,,
13,878867,30.64,18.29,0.474,0.262,0.110,,,,,,,,,,
13,897922,25.79,18.25,0.984,0.812,0.625,,,,,,,,,,
13,921000,47.59,1.92,0.133,0.027,0.061,,,,,,,,,,
14,1146,45.06,22.86,0.034,0.017,NA,,,,,,,,,,
14,8598,46.00,5.15,0.303,0.148,0.123,,,,,,,,,,
14,15187,33.65,29.24,0.415,0.284,0.000,,,,,,,,,,
14,28583,31.70,22.79,0.059,0.037,0.197,,,,,,,,,,
14,61746,28.95,22.41,0.872,0.584,0.473,,,,,,,,,,
14,89665,22.50,12.85,0.787,0.673,0.601,,,,,,,,,,
14,126735,37.76,29.80,0.669,0.342,0.370,,,,,,,,,,
14,169685,27.60,20.60,0.855,0.622,0.596,,,,,,,,,,
14,196173,31.15,22.47,0.965,0.626,0.539,,,,,,,,,,
14,250383,25.50,17.46,0.693,0.530,0.310,,,,,,,,,,
14,279992,23.02,11.04,0.807,0.690,0.418,,,,,,,,,,
14,322064,20.95,10.69,0.919,0.780,0.579,,,,,,,,,,
14,343540,25.56,24.72,0.486,0.268,0.044,,,,,,,,,,
14,352753,33.34,22.01,0.970,0.438,0.199,,,,,,,,,,
14,412378,27.88,20.66,0.934,0.727,0.545,,,,,,,,,,
14,449466,30.27,21.62,0.881,0.616,0.585,,,,,,,,,,
14,499110,25.43,16.80,0.876,0.725,0.273,,,,,,,,,,
14,546084,28.96,19.35,0.911,0.352,0.386,,,,,,,,,,
14,561245,17.23,8.11,0.973,0.891,0.502,,,,,,,,,,
14,609582,23.74,13.28,0.969,0.779,0.495,,,,,,,,,,
14,635781,26.40,17.70,0.726,0.509,0.572,,,,,,,,,,
14,691605,23.68,13.41,0.784,0.672,0.340,,,,,,,,,,
14,713665,23.67,15.61,0.358,0.262,0.194,,,,,,,,,,
14,738766,35.24,25.68,0.810,0.442,0.481,,,,,,,,,,
14,764251,26.03,19.76,0.522,0.416,0.398,,,,,,,,,,
15,1335,20.42,23.24,0.079,0.064,NA,,,,,,,,,,
15,11217,29.94,15.30,0.138,0.100,0.101,,,,,,,,,,
15,21448,28.50,19.69,0.299,0.215,0.024,,,,,,,,,,
15,35785,34.02,21.65,0.356,0.199,0.411,,,,,,,,,,
15,72754,25.64,20.96,0.869,0.581,0.000,,,,,,,,,,
15,85320,31.36,17.93,0.800,0.341,0.097,,,,,,,,,,
15,113964,22.07,15.02,0.904,0.746,0.595,,,,,,,,,,
15,129552,45.44,20.17,0.073,0.010,0.000,,,,,,,,,,
15,155217,28.31,6.28,0.349,0.165,0.021,,,,,,,,,,
15,167097,21.68,14.96,0.915,0.788,0.509,,,,,,,,,,
15,227799,22.55,13.13,0.961,0.860,0.647,,,,,,,,,,
15,277654,19.35,10.75,0.981,0.889,0.615,,,,,,,,,,
15,309216,19.76,13.69,0.538,0.424,0.345,,,,,,,,,,
15,332100,32.93,25.36,0.519,0.183,0.028,,,,,,,,,,
15,337404,31.27,18.58,0.972,0.389,0.401,,,,,,,,,,
15,354315,24.74,16.07,0.969,0.688,0.078,,,,,,,,,,
15,436849,24.73,16.43,0.853,0.610,0.601,,,,,,,,,,
15,445470,29.32,23.39,0.320,0.140,0.000,,,,,,,,,,
15,458675,39.26,27.16,0.421,0.103,0.000,,,,,,,,,,
15,464288,26.18,19.81,0.660,0.377,0.250,,,,,,,,,,
15,494019,18.51,9.35,0.828,0.772,0.298,,,,,,,,,,
15,520665,11.53,26.42,0.024,0.018,0.087,,,,,,,,,,
15,566526,21.69,10.56,0.851,0.780,0.561,,,,,,,,,,
15,600923,25.99,20.31,0.729,0.499,0.528,,,,,,,,,,
15,617670,31.20,17.81,0.650,0.355,0.039,,,,,,,,,,
15,656754,26.47,18.89,0.881,0.632,0.506,,,,,,,,,,
15,681362,29.16,20.52,0.939,0.622,0.455,,,,,,,,,,
15,729854,19.45,8.74,0.332,0.316,0.325,,,,,,,,,,
15,766740,23.20,11.93,0.921,0.767,0.622,,,,,,,,,,
15,783454,22.56,11.26,0.453,0.346,0.282,,,,,,,,,,
15,854982,20.47,8.89,0.710,0.611,0.513,,,,,,,,,,
15,874312,22.95,9.88,0.903,0.616,0.203,,,,,,,,,,
15,899585,17.74,10.55,0.767,0.657,0.033,,,,,,,,,,
15,908413,33.99,19.42,0.920,0.278,0.644,,,,,,,,,,
15,981572,20.71,13.01,0.520,0.463,0.577,,,,,,,,,,
15,998530,32.18,16.07,0.672,0.373,0.074,,,,,,,,,,
15,1023100,36.14,25.01,0.675,0.304,0.000,,,,,,,,,,
15,1055848,19.29,10.03,0.848,0.808,0.689,,,,,,,,,,
15,1071950,36.63,3.56,0.056,0.012,0.000,,,,,,,,,,
15,1081375,35.26,21.86,0.480,0.228,0.735,,,,,,,,,,
16,1087,15.85,20.84,0.259,0.224,NA,,,,,,,,,,
16,7609,49.86,16.33,0.368,0.107,0.000,,,,,,,,,,
16,12759,26.76,11.58,0.035,0.026,0.082,,,,,,,,,,
16,18942,43.18,9.25,0.407,0.142,0.000,,,,,,,,,,
16,43094,19.93,3.32,0.178,0.170,0.315,,,,,,,,,,
16,73161,20.35,12.50,0.859,0.745,0.567,,,,,,,,,,
16,91367,23.94,10.36,0.372,0.235,0.223,,,,,,,,,,
16,116635,23.36,11.46,0.757,0.636,0.508,,,,,,,,,,
16,162570,25.50,12.25,0.857,0.691,0.468,,,,,,,,,,
16,179235,18.26,5.78,0.089,0.079,0.000,,,,,,,,,,
16,193105,12.23,4.71,0.094,0.092,0.000,,,,,,,,,,
16,211095,24.02,13.66,0.866,0.713,0.479,,,,,,,,,,
16,261928,29.41,21.54,0.983,0.591,0.200,,,,,,,,,,
16,289594,18.27,6.89,0.656,0.623,0.595,,,,,,,,,,
16,317570,43.83,21.35,0.984,0.209,0.159,,,,,,,,,,
16,331876,23.24,15.58,0.593,0.477,0.229,,,,,,,,,,
16,384660,20.99,9.64,0.643,0.560,0.346,,,,,,,,,,
16,416649,19.14,8.27,0.947,0.871,0.590,,,,,,,,,,
16,440243,27.08,21.26,0.221,0.108,0.588,,,,,,,,,,
16,455412,22.34,14.00,0.645,0.511,0.165,,,,,,,,,,
16,499705,31.57,10.21,0.308,0.138,0.023,,,,,,,,,,
16,511780,22.72,14.30,0.810,0.693,0.541,,,,,,,,,,
16,553345,41.46,24.06,0.983,0.228,0.151,,,,,,,,,,
16,564555,22.29,12.13,0.832,0.673,0.499,,,,,,,,,,
16,584262,29.08,23.12,0.477,0.259,0.112,,,,,,,,,,
16,633993,21.15,11.27,0.947,0.895,0.642,,,,,,,,,,
16,684508,31.89,16.25,0.768,0.333,0.472,,,,,,,,,,
16,695557,25.28,12.46,0.925,0.689,0.132,,,,,,,,,,
16,728800,16.29,28.45,0.208,0.155,0.000,,,,,,,,,,
16,749218,36.46,18.88,0.139,0.046,0.031,,,,,,,,,,
16,777037,17.95,7.77,0.868,0.838,0.608,,,,,,,,,,
16,821731,22.74,14.46,0.882,0.687,0.288,,,,,,,,,,
16,842770,33.04,22.27,0.930,0.415,0.246,,,,,,,,,,
16,863985,41.24,15.08,0.966,0.212,0.097,,,,,,,,,,
16,880978,30.53,26.70,0.948,0.613,0.453,,,,,,,,,,
16,933100,41.24,10.46,0.032,0.008,0.423,,,,,,,,,,
16,942040,23.17,12.15,0.774,0.741,0.008,,,,,,,,,,
